trailer_id,latitude,longitude,timestamp
Trailer_4,33.536546689983396,-114.5707597175903,2025-01-31 16:41:52
Trailer_4,41.91870337316904,-93.08521460179466,2025-01-29 16:41:52
Trailer_2,44.25838259969854,-104.30796987762093,2025-02-03 16:41:52
Trailer_1,35.11200982555907,-86.50605566325838,2025-02-02 16:41:52
Trailer_4,32.27790372083259,-84.52108567307462,2025-01-30 16:41:52
Trailer_3,35.37653517290937,-102.31254601529699,2025-01-28 16:41:52
Trailer_5,43.620896064106965,-99.06718569495403,2025-02-01 16:41:52
Trailer_3,41.482495853959826,-104.83933717279942,2025-01-31 16:41:52
Trailer_1,40.61802561587476,-80.08790825597038,2025-01-29 16:41:52
Trailer_3,32.560447246240976,-110.98919268194031,2025-01-27 16:41:52
Trailer_1,46.85229101428288,-101.08788094214154,2025-02-02 16:41:52
Trailer_4,34.924216166366634,-107.80323346721062,2025-02-02 16:41:52
Trailer_5,49.16045152670249,-103.43430424238643,2025-02-03 16:41:52
Trailer_1,40.677870709723884,-100.6675103682198,2025-01-30 16:41:52
Trailer_5,39.750415192591454,-118.60020106444867,2025-01-28 16:41:52
Trailer_4,45.91321827336095,-95.4384557538879,2025-01-28 16:41:52
Trailer_4,32.66138394832181,-92.21468383130795,2025-02-03 16:41:52
Trailer_5,33.16285186259906,-81.8084853132674,2025-01-30 16:41:52
Trailer_3,41.86758521005678,-118.68680110950879,2025-01-28 16:41:52
Trailer_1,40.23014848827632,-94.3327961325953,2025-02-03 16:41:52
Trailer_1,40.27117458127925,-85.7084611879294,2025-01-27 16:41:52
Trailer_2,44.88429726385316,-99.73391837341075,2025-02-03 16:41:52
Trailer_4,45.54343316125153,-90.8797443949291,2025-01-30 16:41:52
Trailer_5,49.38129096364222,-113.82918935477524,2025-01-31 16:41:52
Trailer_3,41.135333269730836,-114.81692980692956,2025-02-02 16:41:52
Trailer_3,34.02382876793362,-99.17950588503558,2025-01-28 16:41:52
Trailer_1,37.63189916361088,-110.02707818868942,2025-02-03 16:41:52
Trailer_1,48.23797797236256,-93.07636588013273,2025-01-31 16:41:52
Trailer_4,39.39327441926291,-97.74935706797046,2025-02-01 16:41:52
Trailer_1,44.08774371457997,-101.46258567678791,2025-01-27 16:41:52
Trailer_4,46.82623910099717,-117.58240615150083,2025-02-01 16:41:52
Trailer_5,31.05008638857242,-92.67924413914486,2025-02-03 16:41:52
Trailer_5,43.57518377002107,-98.5100653611207,2025-01-27 16:41:52
Trailer_1,45.929755301436586,-108.66064811826416,2025-01-29 16:41:52
Trailer_5,42.23069130406621,-108.669696180116,2025-02-01 16:41:52
Trailer_3,38.95988225789232,-102.74200445435815,2025-01-27 16:41:52
Trailer_4,46.88195852126327,-99.57840297423161,2025-02-03 16:41:52
Trailer_2,30.993195688241627,-110.97700482479621,2025-02-03 16:41:52
Trailer_3,43.682304553667265,-91.61032636916951,2025-01-27 16:41:52
Trailer_4,38.12191034997153,-83.96387309383223,2025-02-02 16:41:52
Trailer_5,37.87971980762788,-105.16711849164358,2025-01-30 16:41:52
Trailer_3,44.28554567491307,-92.76625077980654,2025-02-02 16:41:52
Trailer_5,46.316893748785546,-112.92151962747678,2025-01-27 16:41:52
Trailer_4,44.0271788444999,-106.86704047427011,2025-02-01 16:41:52
Trailer_4,31.11574367492565,-106.7665506556812,2025-02-03 16:41:52
Trailer_3,37.181691475219296,-95.21254761207967,2025-02-01 16:41:52
Trailer_4,48.27014280994123,-87.0977094297711,2025-02-03 16:41:52
Trailer_3,48.00491486743397,-113.70571805987733,2025-01-31 16:41:52
Trailer_3,41.86606052495377,-90.53434129406801,2025-01-29 16:41:52
Trailer_4,48.03573129908166,-114.17253735952497,2025-01-29 16:41:52
Trailer_5,36.16240740542686,-83.09749041798015,2025-01-27 16:41:52
Trailer_1,30.40376416846381,-84.53720911111952,2025-01-29 16:41:52
Trailer_4,47.69991613079736,-83.24090031267053,2025-02-02 16:41:52
Trailer_1,39.76949320992322,-88.68081106290066,2025-02-03 16:41:52
Trailer_4,33.22777600276615,-87.78241580843698,2025-01-31 16:41:52
Trailer_5,46.895801830195,-83.76849089088188,2025-01-27 16:41:52
Trailer_3,44.22453705606124,-113.89726212323508,2025-01-31 16:41:52
Trailer_4,43.30321557182982,-110.2470748186644,2025-01-31 16:41:52
Trailer_5,41.94296907560717,-113.43980657930109,2025-01-28 16:41:52
Trailer_1,36.1994725734416,-80.23649296966035,2025-01-31 16:41:52
Trailer_2,48.72303326982059,-119.96777053280428,2025-02-03 16:41:52
Trailer_4,45.89263973576291,-99.57028756608864,2025-01-31 16:41:52
Trailer_2,34.751062911996485,-115.22778135746857,2025-02-02 16:41:52
Trailer_3,48.7960830850528,-89.72253245479217,2025-01-29 16:41:52
Trailer_2,44.638107019791896,-105.62518326265888,2025-02-02 16:41:52
Trailer_1,32.07581014273507,-90.73265761040767,2025-01-29 16:41:52
Trailer_5,47.44662533006709,-114.79018463114862,2025-01-31 16:41:52
Trailer_3,47.48112952789917,-114.14634286729081,2025-01-31 16:41:52
Trailer_2,30.95841198767163,-110.74210466518137,2025-01-28 16:41:52
Trailer_5,44.01798886189968,-95.81083569036983,2025-01-28 16:41:52
Trailer_4,30.21151659462024,-96.34734836943065,2025-02-02 16:41:52
Trailer_3,31.651074851595755,-99.55456846536981,2025-02-02 16:41:52
Trailer_4,45.96769120305389,-83.869239276717,2025-02-01 16:41:52
Trailer_4,41.95444650337002,-108.46002720473399,2025-01-30 16:41:52
Trailer_3,42.124541780734226,-112.71392515839776,2025-02-02 16:41:52
Trailer_5,44.8944344845325,-96.62479186662601,2025-01-27 16:41:52
Trailer_5,36.99979482342485,-99.34902886175924,2025-01-27 16:41:52
Trailer_5,30.253846389472642,-105.59223168892545,2025-02-02 16:41:52
Trailer_3,40.98137531323554,-88.57183625753804,2025-01-28 16:41:52
Trailer_1,44.06559304819576,-93.7824565955978,2025-01-29 16:41:52
Trailer_1,40.34146202869696,-105.29441586851819,2025-01-28 16:41:52
Trailer_4,40.428404501386396,-116.0913876617166,2025-02-02 16:41:52
Trailer_2,38.60807520004654,-96.16717937748854,2025-01-31 16:41:52
Trailer_1,46.271742990504535,-86.26636764850885,2025-02-01 16:41:52
Trailer_2,32.97586045896526,-109.5570353566442,2025-01-28 16:41:52
Trailer_2,47.598613800895066,-91.45325095038767,2025-01-30 16:41:52
Trailer_3,49.902044722634194,-85.61925847938541,2025-01-30 16:41:52
Trailer_4,37.08092640418842,-82.81883629944369,2025-01-28 16:41:52
Trailer_1,47.26451271883261,-85.18678774255079,2025-01-31 16:41:52
Trailer_3,43.4509604946271,-114.44025840333214,2025-01-27 16:41:52
Trailer_4,40.94023928014138,-110.03142916496083,2025-02-01 16:41:52
Trailer_1,49.377344428405536,-112.29310288829528,2025-02-03 16:41:52
Trailer_4,35.913489591407426,-107.90829375584941,2025-02-01 16:41:52
Trailer_1,49.705192182616905,-94.20403802555597,2025-01-27 16:41:52
Trailer_2,36.937007308080844,-103.79246328577608,2025-01-29 16:41:52
Trailer_4,41.66394948398575,-114.11774286786465,2025-01-28 16:41:52
Trailer_4,37.68782125356286,-89.12745882253671,2025-01-31 16:41:52
Trailer_1,33.85799415379292,-109.11433766033777,2025-01-29 16:41:52
Trailer_5,36.14734366042029,-95.17330778253898,2025-01-29 16:41:52
Trailer_3,46.13648429081289,-103.8479924822623,2025-01-28 16:41:52
Trailer_1,32.589182667967336,-112.26792444416323,2025-01-29 16:41:52
Trailer_3,39.44155409478377,-100.62006764172844,2025-02-03 16:41:52
Trailer_5,38.161387838107565,-96.5822795261774,2025-02-03 16:41:52
Trailer_1,37.228154961636115,-114.25272977983322,2025-01-30 16:41:52
Trailer_2,36.09886031870855,-112.38714092131994,2025-01-31 16:41:52
Trailer_1,47.52452950027158,-113.58946324373683,2025-02-02 16:41:52
Trailer_3,46.65481086134618,-92.75417009446473,2025-01-27 16:41:52
Trailer_4,49.28260835775818,-98.60449298721969,2025-01-30 16:41:52
Trailer_1,45.385336408626216,-106.34872239463898,2025-02-02 16:41:52
Trailer_5,46.75392350935043,-84.41130552563556,2025-02-02 16:41:52
Trailer_1,39.85804153087683,-82.10851229512937,2025-02-02 16:41:52
Trailer_2,30.91216903323267,-116.12557900555197,2025-01-30 16:41:52
Trailer_2,42.105284750380314,-87.58207465300174,2025-02-03 16:41:52
Trailer_5,49.17068672786225,-110.52373060374974,2025-01-28 16:41:52
Trailer_4,37.60835254655581,-116.08393488300604,2025-01-31 16:41:52
Trailer_1,46.58282937401829,-114.44554352748413,2025-01-28 16:41:52
Trailer_3,44.09128420761411,-110.11118237363826,2025-01-27 16:41:52
Trailer_4,45.10917639770834,-83.3317374001717,2025-01-29 16:41:52
Trailer_5,45.84708378836117,-80.27743861935087,2025-02-01 16:41:52
Trailer_5,38.58384964132057,-117.87856558397827,2025-02-01 16:41:52
Trailer_4,45.16598535871877,-80.53567554008114,2025-02-02 16:41:52
Trailer_1,39.07576075999543,-88.60987896473483,2025-02-03 16:41:52
Trailer_3,36.82986339376456,-80.63895646664373,2025-01-31 16:41:52
Trailer_2,32.334131492891544,-83.79943669725685,2025-02-02 16:41:52
Trailer_3,49.65121735294777,-84.87558815557628,2025-02-03 16:41:52
Trailer_3,35.40950228106051,-102.61834679733774,2025-02-02 16:41:52
Trailer_5,31.049991130440727,-100.662449337393,2025-01-29 16:41:52
Trailer_2,36.14833611598288,-110.83417429720427,2025-01-30 16:41:52
Trailer_2,44.16815498926303,-88.6745121273207,2025-01-27 16:41:52
Trailer_4,48.62798599619801,-98.72531470292228,2025-01-27 16:41:52
Trailer_4,34.61941270726767,-83.40626793227179,2025-02-03 16:41:52
Trailer_2,46.060184821494104,-99.21221713427529,2025-01-30 16:41:52
Trailer_1,49.25443581668975,-92.64485061106669,2025-01-28 16:41:52
Trailer_5,49.3605899182442,-84.96196712769509,2025-01-29 16:41:52
Trailer_4,46.279902046176744,-86.75482477789984,2025-01-31 16:41:52
Trailer_2,39.595551180229634,-103.84800280713904,2025-02-02 16:41:52
Trailer_4,47.051313764188336,-115.39731029753554,2025-01-28 16:41:52
Trailer_5,30.64302146343011,-100.49824810331776,2025-02-02 16:41:52
Trailer_2,38.553502003448834,-100.98754350747103,2025-02-02 16:41:52
Trailer_4,31.28253964563466,-81.74546654397136,2025-02-01 16:41:52
Trailer_2,32.872788536901375,-86.50373960857347,2025-02-01 16:41:52
Trailer_2,47.09820417464052,-111.00237383477531,2025-01-28 16:41:52
Trailer_1,34.374527661031564,-99.33715294939262,2025-01-29 16:41:52
Trailer_3,34.30857115817745,-82.51213574057446,2025-02-02 16:41:52
Trailer_5,44.961565409791,-108.76668945278543,2025-02-03 16:41:52
Trailer_4,34.74240237865787,-119.9072020062736,2025-01-29 16:41:52
Trailer_4,39.86922983980925,-87.65047448681443,2025-01-29 16:41:52
Trailer_4,45.69321053468298,-119.22711408290186,2025-02-03 16:41:52
Trailer_4,42.89484693765887,-94.02093468108785,2025-01-28 16:41:52
Trailer_5,34.99759728671535,-97.85835514012581,2025-02-03 16:41:52
Trailer_5,48.578796068173205,-86.08036850993038,2025-01-31 16:41:52
Trailer_5,47.98223580465855,-89.58460172972666,2025-01-31 16:41:52
Trailer_3,44.24891219896369,-115.87761199780091,2025-01-30 16:41:52
Trailer_4,31.554574953070777,-94.21558376061274,2025-02-02 16:41:52
Trailer_5,46.46931758006794,-96.64506437525935,2025-01-27 16:41:52
Trailer_2,30.08614135989106,-113.51122296528362,2025-01-29 16:41:52
Trailer_3,43.536275312094,-89.47585015042634,2025-01-31 16:41:52
Trailer_5,32.28740251669247,-82.30826999139283,2025-01-30 16:41:52
Trailer_4,39.35127816561124,-112.07639350591626,2025-01-28 16:41:52
Trailer_4,43.225754284147484,-100.34451121596538,2025-02-02 16:41:52
Trailer_2,33.91969471439041,-91.74208559599772,2025-01-28 16:41:52
Trailer_3,30.344542274348942,-101.34391500294852,2025-01-30 16:41:52
Trailer_1,47.83470674181335,-94.94773765375542,2025-02-03 16:41:52
Trailer_5,44.90314467721755,-85.4491619865787,2025-01-30 16:41:52
Trailer_1,44.29806963991359,-93.10452069286836,2025-01-31 16:41:52
Trailer_4,44.89864812736649,-95.04630686640468,2025-02-03 16:41:52
Trailer_1,41.53662644648854,-108.00928827740381,2025-01-28 16:41:52
Trailer_2,40.34258944454777,-106.48675045995326,2025-02-01 16:41:52
Trailer_2,43.761465955372174,-110.18656799249788,2025-01-31 16:41:52
Trailer_2,47.21653482479631,-86.40450639390542,2025-01-27 16:41:52
Trailer_2,43.122194975073874,-104.25460089352546,2025-01-29 16:41:52
Trailer_1,41.188622745244174,-91.21734566312746,2025-02-03 16:41:52
Trailer_3,45.95865835822049,-99.02836741316457,2025-01-29 16:41:52
Trailer_4,49.043575448595874,-97.02299818641269,2025-02-01 16:41:52
Trailer_1,39.26441163002472,-114.13452637306531,2025-01-29 16:41:52
Trailer_3,45.241273027892476,-110.593590359843,2025-02-02 16:41:52
Trailer_1,37.38935524524309,-115.6581625904626,2025-01-29 16:41:52
Trailer_2,37.132014711239876,-112.44458028610188,2025-02-02 16:41:52
Trailer_3,43.706673849416404,-107.8863976395842,2025-02-02 16:41:52
Trailer_3,41.01688860945643,-117.3313165682643,2025-01-30 16:41:52
Trailer_3,40.88866874813582,-80.69153689029942,2025-01-30 16:41:52
Trailer_4,35.677269409493384,-119.91011954494812,2025-01-29 16:41:52
Trailer_4,41.7362064349754,-84.14801639666439,2025-01-30 16:41:52
Trailer_3,40.526683222320685,-107.63355709082887,2025-02-02 16:41:52
Trailer_2,35.43627887175062,-113.83974348685278,2025-01-27 16:41:52
Trailer_4,30.875004825594875,-84.98210736669665,2025-01-27 16:41:52
Trailer_1,40.19431321690435,-105.97095229693912,2025-01-29 16:41:52
Trailer_5,48.264456096042665,-84.12282673519532,2025-01-28 16:41:52
Trailer_2,46.240536685693186,-84.06940360015844,2025-01-29 16:41:52
Trailer_1,31.936771616126784,-116.51412616024321,2025-02-02 16:41:52
Trailer_3,44.756871091076675,-93.81560446191929,2025-01-31 16:41:52
Trailer_3,38.216864193515065,-115.21491700261339,2025-01-31 16:41:52
Trailer_1,38.37901708964081,-98.21806261184476,2025-01-27 16:41:52
Trailer_4,49.179331692956666,-105.71606844479717,2025-02-03 16:41:52
Trailer_3,31.80091971475155,-102.00735150129927,2025-01-30 16:41:52
Trailer_5,37.95965053958592,-105.65968066982612,2025-01-29 16:41:52
Trailer_5,39.55196935511607,-99.64303123593514,2025-02-01 16:41:52
Trailer_4,31.03762163608436,-97.01707968373633,2025-01-28 16:41:52
Trailer_1,47.52998020676233,-99.84884675621947,2025-02-01 16:41:52
Trailer_2,40.477150322675314,-84.4982043842275,2025-01-31 16:41:52
Trailer_2,45.315265750753255,-91.3487372621686,2025-01-30 16:41:52
Trailer_5,40.53889653130799,-94.13751171614277,2025-02-02 16:41:52
Trailer_5,32.66863304366899,-90.40524594386238,2025-01-31 16:41:52
Trailer_2,39.380194978735986,-85.11316331027832,2025-01-27 16:41:52
Trailer_3,31.89858009318857,-103.43703686702257,2025-01-27 16:41:52
Trailer_2,43.07571679604415,-87.36149307690499,2025-01-27 16:41:52
Trailer_5,33.560186124782426,-85.24554432864394,2025-02-02 16:41:52
Trailer_5,34.145340074435225,-112.65951176361887,2025-01-28 16:41:52
Trailer_2,48.73468425343379,-98.55770009062967,2025-02-02 16:41:52
Trailer_5,33.97234122091379,-94.69161905506945,2025-02-01 16:41:52
Trailer_1,48.42693620328658,-83.20977130446232,2025-02-02 16:41:52
Trailer_5,32.7360468057086,-81.73206228574077,2025-01-28 16:41:52
Trailer_5,34.257200050384895,-96.24175564310546,2025-02-02 16:41:52
Trailer_5,48.789126658078445,-107.12941120882323,2025-01-27 16:41:52
Trailer_3,33.23309694278606,-102.51722289098909,2025-01-31 16:41:52
Trailer_2,32.513475407909,-86.15733385940865,2025-01-27 16:41:52
Trailer_5,41.31632512139696,-114.32682572664334,2025-02-02 16:41:52
Trailer_5,49.55961313465613,-89.6208261890779,2025-01-27 16:41:52
Trailer_2,45.20148513606282,-86.71304635937078,2025-01-29 16:41:52
Trailer_4,30.496184671479302,-105.19009437756307,2025-01-30 16:41:52
Trailer_3,48.10755408816626,-118.27222431596957,2025-01-28 16:41:52
Trailer_2,43.72395939245586,-100.32589304633912,2025-01-28 16:41:52
Trailer_3,39.71036204566072,-104.46091787042974,2025-01-30 16:41:52
Trailer_5,44.135325366230845,-94.40102543388309,2025-01-31 16:41:52
Trailer_2,38.037352392800734,-80.96276249710056,2025-02-01 16:41:52
Trailer_2,34.12825786693236,-88.57689180675885,2025-02-02 16:41:52
Trailer_3,42.209174048895896,-100.35601854931181,2025-01-31 16:41:52
Trailer_2,40.472811361220515,-111.87991254357743,2025-01-27 16:41:52
Trailer_2,46.02965379249516,-86.46011519590436,2025-01-27 16:41:52
Trailer_2,46.65100526299193,-116.04414144107344,2025-01-30 16:41:52
Trailer_4,38.90903133273117,-108.50243796952621,2025-01-31 16:41:52
Trailer_5,38.408867512912956,-88.5137808166665,2025-01-30 16:41:52
Trailer_2,34.99478350870051,-96.60418410521399,2025-02-01 16:41:52
Trailer_5,36.850398311512606,-110.29629059202122,2025-01-28 16:41:52
Trailer_4,39.423837760223755,-118.80013396551945,2025-01-31 16:41:52
Trailer_4,39.15359537130517,-107.15002388928835,2025-01-28 16:41:52
Trailer_1,35.67567927501388,-118.30161861053436,2025-01-28 16:41:52
Trailer_1,30.784954649429505,-80.04475500109798,2025-01-31 16:41:52
Trailer_3,41.753844724714966,-98.43721467499957,2025-02-01 16:41:52
Trailer_3,34.642767426456736,-80.7656397794268,2025-01-31 16:41:52
Trailer_3,35.697863663445204,-92.68061504236,2025-01-29 16:41:52
Trailer_5,34.9917242886982,-88.5815464673292,2025-01-29 16:41:52
Trailer_3,35.47808975785057,-117.40393321660608,2025-01-29 16:41:52
Trailer_4,33.243083259923026,-81.427438574151,2025-02-02 16:41:52
Trailer_5,39.50548526715905,-85.16836680117697,2025-02-02 16:41:52
Trailer_1,43.34195714547631,-84.32102009221505,2025-01-29 16:41:52
Trailer_3,39.13251445055569,-85.76996654429148,2025-01-30 16:41:52
Trailer_1,31.46928738718307,-90.13268229603736,2025-01-30 16:41:52
Trailer_5,47.65165261344312,-89.41571395475721,2025-01-30 16:41:52
Trailer_4,34.68316250996767,-81.47915293810513,2025-01-31 16:41:52
Trailer_1,37.84404790382125,-118.25623753656512,2025-02-03 16:41:52
Trailer_1,49.155291046348154,-83.22233267692722,2025-01-29 16:41:52
Trailer_3,37.308239358956165,-95.55841545890348,2025-01-27 16:41:52
Trailer_5,40.40030283215518,-97.94392260578164,2025-01-28 16:41:52
Trailer_1,42.16925970920862,-108.60467771552904,2025-02-01 16:41:52
Trailer_1,48.30056743107091,-85.82884847869592,2025-01-28 16:41:52
Trailer_1,36.82708972824536,-119.78710084749643,2025-01-30 16:41:52
Trailer_1,45.26284850779572,-80.25533663429957,2025-01-28 16:41:52
Trailer_4,44.02450288032129,-97.76660699438452,2025-02-01 16:41:52
Trailer_5,36.29543161341937,-109.00828880644751,2025-01-31 16:41:52
Trailer_5,45.21888804205513,-89.01607064390916,2025-02-01 16:41:52
Trailer_2,48.84986751488235,-106.87312053847018,2025-01-27 16:41:52
Trailer_4,36.660169125964465,-103.05312608509776,2025-01-30 16:41:52
Trailer_5,48.63990827338379,-93.18875257385517,2025-01-31 16:41:52
Trailer_2,31.614921079458675,-87.9707598405328,2025-02-03 16:41:52
Trailer_1,47.97070313418238,-95.340330764731,2025-01-31 16:41:52
Trailer_2,32.54722094097243,-114.41623466816138,2025-02-02 16:41:52
Trailer_4,31.158400353188263,-111.57492894443214,2025-02-03 16:41:52
Trailer_5,46.995843792952016,-104.48314873717374,2025-02-01 16:41:52
Trailer_4,34.309210912916775,-80.22256586529338,2025-01-28 16:41:52
Trailer_4,40.321151567784135,-109.60468492673313,2025-02-01 16:41:52
Trailer_5,48.80832729801988,-90.10605228670157,2025-02-02 16:41:52
Trailer_2,39.80619423627428,-87.12487722048061,2025-01-27 16:41:52
Trailer_3,46.33717206034736,-86.55936604494306,2025-02-03 16:41:52
Trailer_1,49.31395251130641,-110.64817859973714,2025-01-30 16:41:52
Trailer_5,48.36918463505913,-101.49075946116923,2025-02-01 16:41:52
Trailer_4,40.65542430325533,-96.9456103314431,2025-02-01 16:41:52
Trailer_2,41.91144871466482,-107.6884230163431,2025-01-27 16:41:52
Trailer_5,49.59177021607777,-107.8231708699123,2025-01-27 16:41:52
Trailer_2,38.560906926074274,-85.74419015682545,2025-02-01 16:41:52
Trailer_2,30.546658166442672,-111.500280753491,2025-01-31 16:41:52
Trailer_5,34.34774773369342,-86.60714469078745,2025-01-31 16:41:52
Trailer_2,47.97784065897337,-82.13394963287053,2025-02-02 16:41:52
Trailer_5,49.91796529484478,-95.48364591904274,2025-01-31 16:41:52
Trailer_2,44.805206102319666,-89.51970989473052,2025-01-29 16:41:52
Trailer_2,35.50444189320776,-83.81522649020917,2025-02-01 16:41:52
Trailer_1,46.74727960603012,-119.37844897526048,2025-02-03 16:41:52
Trailer_1,49.83268976976643,-94.97477324530215,2025-01-31 16:41:52
Trailer_1,34.046055480760415,-82.57270077768985,2025-01-29 16:41:52
Trailer_2,33.54332245727581,-80.01361366408442,2025-01-28 16:41:52
Trailer_5,44.75367860556291,-90.04517110583252,2025-01-31 16:41:52
Trailer_2,49.77425499130044,-89.6345664896685,2025-01-30 16:41:52
Trailer_5,44.434959484518814,-111.34828371370114,2025-01-28 16:41:52
Trailer_5,49.62989709988592,-83.05571351743328,2025-01-29 16:41:52
Trailer_4,43.700644572068526,-91.18746020476964,2025-01-30 16:41:52
Trailer_5,46.00635745044893,-119.44205716871943,2025-01-29 16:41:52
Trailer_5,38.504341004719606,-81.81541238799093,2025-01-30 16:41:52
Trailer_1,45.87335602221388,-116.87784476370273,2025-01-28 16:41:52
Trailer_2,41.53405525616223,-88.0594364912119,2025-01-31 16:41:52
Trailer_2,43.14241553283117,-85.64258967674624,2025-02-03 16:41:52
Trailer_1,45.48523463908805,-83.76727169289418,2025-02-03 16:41:52
Trailer_1,42.96933261772488,-109.52253105459764,2025-01-30 16:41:52
Trailer_5,31.198102224899564,-89.18477461559284,2025-02-03 16:41:52
Trailer_1,43.59269525313506,-84.13423209745508,2025-02-03 16:41:52
Trailer_5,41.87537054973063,-96.49454227521288,2025-01-27 16:41:52
Trailer_2,31.51451223602995,-101.76437325823682,2025-01-28 16:41:52
Trailer_4,36.06432254936971,-110.20216587150348,2025-02-01 16:41:52
Trailer_4,32.99064598485839,-97.85373904875529,2025-01-31 16:41:52
Trailer_3,35.94205086422451,-114.89180029959039,2025-01-31 16:41:52
Trailer_2,31.973939996889165,-83.0960885250121,2025-01-31 16:41:52
Trailer_3,40.48114362068314,-104.34194466872859,2025-02-02 16:41:52
Trailer_1,34.0671709891439,-95.36894421117822,2025-02-02 16:41:52
Trailer_4,47.870614444747105,-118.39811754350468,2025-02-01 16:41:52
Trailer_1,31.926682399400054,-81.56225515229161,2025-01-27 16:41:52
Trailer_3,48.34134598275918,-85.46502815342893,2025-02-01 16:41:52
Trailer_5,30.830140031275896,-91.94676822260213,2025-01-29 16:41:52
Trailer_2,44.069622357898105,-118.69238553510773,2025-01-31 16:41:52
Trailer_1,48.3325967957242,-98.35388969676524,2025-01-27 16:41:52
Trailer_4,35.86823392834534,-82.18257068882056,2025-02-01 16:41:52
Trailer_5,46.638430515787036,-82.34296343144703,2025-01-31 16:41:52
Trailer_4,30.23081810330405,-89.84645009525065,2025-01-28 16:41:52
Trailer_4,49.01974171799682,-119.02101607823441,2025-01-30 16:41:52
Trailer_5,40.31791334924635,-110.32225134296077,2025-01-28 16:41:52
Trailer_4,48.263254061117095,-89.23882895753046,2025-02-03 16:41:52
Trailer_1,46.18611093917402,-114.28928434862263,2025-01-28 16:41:52
Trailer_4,41.04604489012714,-97.99760256992099,2025-02-02 16:41:52
Trailer_5,45.305582400016235,-96.23756989350377,2025-01-31 16:41:52
Trailer_4,40.44277337543173,-119.72752669263913,2025-01-30 16:41:52
Trailer_1,49.560903299159634,-88.44679081691064,2025-01-28 16:41:52
Trailer_4,33.517575977302904,-107.73929999069624,2025-02-01 16:41:52
Trailer_1,42.8384322555075,-102.07225864501775,2025-01-31 16:41:52
Trailer_2,31.39097362179216,-94.97148057271875,2025-01-28 16:41:52
Trailer_3,47.056328583366145,-93.00991950003481,2025-01-27 16:41:52
Trailer_5,46.39411092101004,-83.98785228913574,2025-01-29 16:41:52
Trailer_1,39.71668541723241,-111.38192434532458,2025-02-02 16:41:52
Trailer_5,35.3598538043196,-115.43764956439878,2025-01-31 16:41:52
Trailer_3,40.620200094033734,-111.31381220630746,2025-01-28 16:41:52
Trailer_1,43.177226267799675,-112.71218223284434,2025-01-29 16:41:52
Trailer_2,45.23961465837887,-108.6752148791445,2025-01-31 16:41:52
Trailer_3,42.03585599408515,-91.88703386533965,2025-01-29 16:41:52
Trailer_4,37.195516949821105,-100.9458668259497,2025-02-02 16:41:52
Trailer_2,32.816196943157806,-81.63636734295173,2025-01-27 16:41:52
Trailer_5,46.74744617334852,-101.21703088355504,2025-02-01 16:41:52
Trailer_1,35.43260141004909,-101.04068124299606,2025-01-30 16:41:52
Trailer_5,43.01169672812192,-109.34839139433183,2025-02-02 16:41:52
Trailer_5,32.71281517329096,-112.90427768256926,2025-02-03 16:41:52
Trailer_5,44.50379199689019,-85.60146936518403,2025-01-29 16:41:52
Trailer_5,49.83636396720621,-98.00191134241479,2025-02-02 16:41:52
Trailer_5,33.150420964353664,-97.00967345486438,2025-02-01 16:41:52
Trailer_5,47.67772674209361,-80.52432388597855,2025-01-31 16:41:52
Trailer_3,44.556187694491975,-117.06131277286926,2025-01-27 16:41:52
Trailer_2,32.71480955431706,-87.97630216280831,2025-01-31 16:41:52
Trailer_1,39.77337760420239,-96.32587273036691,2025-01-30 16:41:52
Trailer_1,33.40240908551259,-114.34647400103394,2025-02-02 16:41:52
Trailer_5,49.726922376880864,-98.47737314089972,2025-02-01 16:41:52
Trailer_4,37.56578638081099,-91.28994957850804,2025-02-02 16:41:52
Trailer_1,37.23247438843604,-113.81526081023146,2025-01-27 16:41:52
Trailer_4,37.62745975636943,-95.09567989041264,2025-02-03 16:41:52
Trailer_4,31.278844715251747,-115.46299285714976,2025-02-02 16:41:52
Trailer_1,37.978528560651654,-90.12482283958849,2025-01-27 16:41:52
Trailer_2,32.789474454573494,-92.90648051330209,2025-01-29 16:41:52
Trailer_2,48.06468852175665,-107.70481134039802,2025-01-28 16:41:52
Trailer_5,48.308766397882366,-107.22108249853282,2025-02-01 16:41:52
Trailer_1,49.7612484225498,-89.62763830895423,2025-02-02 16:41:52
Trailer_2,47.84818592887669,-99.30787943514879,2025-02-03 16:41:52
Trailer_5,47.31883360305601,-91.70118880882562,2025-01-27 16:41:52
Trailer_5,38.95995758725558,-81.75638358563062,2025-02-01 16:41:52
Trailer_1,44.64076652333273,-105.26792203130572,2025-01-27 16:41:52
Trailer_5,31.19541331069859,-115.7577206966777,2025-02-03 16:41:52
Trailer_3,45.570432265687224,-107.33800160573027,2025-01-31 16:41:52
Trailer_5,42.47955344991901,-81.87669482016987,2025-01-28 16:41:52
Trailer_1,44.47499309924081,-100.15300590231284,2025-02-03 16:41:52
Trailer_4,46.04812044933538,-109.62707669406855,2025-01-30 16:41:52
Trailer_3,49.31704577605814,-101.65586183994634,2025-02-02 16:41:52
Trailer_4,38.04836294242704,-115.51723825247218,2025-01-30 16:41:52
Trailer_2,32.48262285941287,-89.68567948163428,2025-02-02 16:41:52
Trailer_2,44.919208095284354,-92.40013072333184,2025-01-30 16:41:52
Trailer_2,38.653237649360086,-95.3528237467861,2025-01-29 16:41:52
Trailer_4,37.05361521340141,-85.73421642483484,2025-02-02 16:41:52
Trailer_1,33.34793099233306,-114.48008386116032,2025-01-27 16:41:52
Trailer_1,44.71792378128448,-119.56831780994116,2025-01-29 16:41:52
Trailer_1,35.727917128855466,-91.23434568443045,2025-02-02 16:41:52
Trailer_4,48.27711915569288,-102.82271938598939,2025-01-29 16:41:52
Trailer_4,45.24728715570375,-107.30533536812727,2025-01-28 16:41:52
Trailer_1,33.584311339673704,-116.30488181934663,2025-01-28 16:41:52
Trailer_5,49.71973936203788,-88.09799309163884,2025-01-31 16:41:52
Trailer_2,41.167733658936385,-118.05431589443096,2025-01-29 16:41:52
Trailer_2,32.741188503346095,-80.32241856947294,2025-01-29 16:41:52
Trailer_2,39.57527579962378,-118.61044705927615,2025-01-31 16:41:52
Trailer_3,33.26150527214266,-96.28875181527206,2025-01-31 16:41:52
Trailer_4,43.88609583636944,-85.07097273354472,2025-02-03 16:41:52
Trailer_2,49.6475122167885,-92.44480722128964,2025-02-01 16:41:52
Trailer_2,36.041332486466644,-86.68555242070221,2025-01-29 16:41:52
Trailer_2,43.88138707481987,-92.72344486904086,2025-01-31 16:41:52
Trailer_1,40.73250615782336,-95.39418152527018,2025-02-01 16:41:52
Trailer_1,33.584243358205,-93.44388391173345,2025-01-30 16:41:52
Trailer_4,37.96824753596002,-89.95866569319922,2025-02-03 16:41:52
Trailer_4,47.78512967423943,-96.70059021257245,2025-01-27 16:41:52
Trailer_5,42.44502315536488,-100.40458308843998,2025-01-29 16:41:52
Trailer_2,40.88166046240039,-115.7337187018754,2025-01-30 16:41:52
Trailer_4,38.58834634405375,-102.42036596174854,2025-02-02 16:41:52
Trailer_5,36.69272352418071,-98.14083824019399,2025-02-01 16:41:52
Trailer_5,32.78556041701712,-117.35200524358842,2025-02-01 16:41:52
Trailer_3,41.14070203220188,-115.61683557631424,2025-02-01 16:41:52
Trailer_3,36.28222548997123,-97.68523421547238,2025-01-31 16:41:52
Trailer_2,40.98119463874417,-86.15709123309523,2025-02-02 16:41:52
Trailer_4,46.36687295224162,-88.06720104973486,2025-02-01 16:41:52
Trailer_2,49.18709859453989,-92.64733991113128,2025-02-01 16:41:52
Trailer_1,41.38830990787811,-99.11037474588619,2025-02-03 16:41:52
Trailer_5,35.061202823255925,-119.59651537883147,2025-02-02 16:41:52
Trailer_4,40.3530402616015,-116.69050136458533,2025-02-01 16:41:52
Trailer_1,37.60476425338146,-107.78950712361697,2025-01-28 16:41:52
Trailer_5,31.396783767682965,-105.04083548457233,2025-02-03 16:41:52
Trailer_1,35.63818754516973,-105.29413033182026,2025-01-27 16:41:52
Trailer_1,30.708625857909244,-95.96486554647299,2025-02-03 16:41:52
Trailer_5,34.671304816083875,-117.3360724224029,2025-01-29 16:41:52
Trailer_4,37.03576523484433,-103.89127238772036,2025-01-31 16:41:52
Trailer_3,46.86284088280172,-114.56682026467908,2025-01-30 16:41:52
Trailer_5,43.291122301588786,-96.4554395424752,2025-01-30 16:41:52
Trailer_3,38.27071612158111,-84.31268775739885,2025-01-28 16:41:52
Trailer_3,30.526599958215698,-83.29616458491657,2025-01-27 16:41:52
Trailer_1,38.931194284223096,-86.46076488466119,2025-01-31 16:41:52
Trailer_5,40.723982082548154,-106.21250803801036,2025-02-02 16:41:52
Trailer_3,47.130808553458856,-111.41636459988715,2025-01-30 16:41:52
Trailer_4,34.35480847372618,-94.9147806785168,2025-01-30 16:41:52
Trailer_1,42.3815334756904,-87.01903382649407,2025-02-02 16:41:52
Trailer_5,37.460892866963775,-110.59114884832957,2025-02-02 16:41:52
Trailer_3,37.693999318346215,-114.46132702011123,2025-01-31 16:41:52
Trailer_3,41.721372747321084,-114.49120266633221,2025-01-29 16:41:52
Trailer_1,37.14104383949878,-80.34364474173742,2025-01-29 16:41:52
Trailer_4,46.463700083895525,-117.58251787781612,2025-01-30 16:41:52
Trailer_5,35.0303459569957,-85.06895821265147,2025-02-01 16:41:52
Trailer_2,40.77256967344643,-83.5580549857282,2025-01-27 16:41:52
Trailer_2,30.969105301349263,-84.1870926883582,2025-01-31 16:41:52
Trailer_1,48.93526659076787,-91.45075994219516,2025-01-30 16:41:52
Trailer_3,33.82199804203897,-86.68526173147146,2025-01-30 16:41:52
Trailer_5,41.71234837090677,-88.5537675144947,2025-02-01 16:41:52
Trailer_3,38.27968091135151,-97.69125281537005,2025-02-03 16:41:52
Trailer_3,47.23576996984006,-108.69469026236285,2025-01-28 16:41:52
Trailer_3,40.310807171434355,-103.12714773184774,2025-02-01 16:41:52
Trailer_4,35.53309046570619,-95.96062737421546,2025-01-31 16:41:52
Trailer_1,42.73132359462066,-81.12921196893302,2025-01-31 16:41:52
Trailer_1,40.79116817695481,-89.02271005781643,2025-02-02 16:41:52
Trailer_3,31.37211453237729,-118.07038000030633,2025-01-30 16:41:52
Trailer_5,37.807425803675024,-82.2889022416226,2025-02-02 16:41:52
Trailer_3,47.49870143522996,-96.0774898607809,2025-01-27 16:41:52
Trailer_4,43.35479346400959,-110.06205500994585,2025-02-02 16:41:52
Trailer_5,30.72119582317679,-83.4940735923486,2025-02-01 16:41:52
Trailer_1,30.01653021977488,-101.52943084418361,2025-02-03 16:41:52
Trailer_3,43.588917067653455,-108.60403202813936,2025-01-29 16:41:52
Trailer_2,38.530792182517615,-114.4970342716711,2025-02-02 16:41:52
Trailer_4,39.13717600162502,-117.21103767950473,2025-01-31 16:41:52
Trailer_3,42.06864815048025,-95.89368773130906,2025-01-29 16:41:52
Trailer_2,37.96636436802703,-85.36653381959168,2025-01-27 16:41:52
Trailer_3,49.945092793926,-98.3392443203143,2025-01-29 16:41:52
Trailer_4,43.51857850799056,-118.59511718360163,2025-01-31 16:41:52
Trailer_3,35.422458805959096,-95.53119139745466,2025-02-03 16:41:52
Trailer_4,48.78061948347177,-103.17553669643229,2025-01-30 16:41:52
Trailer_3,32.922870818668116,-107.81163251911343,2025-02-03 16:41:52
Trailer_1,43.115541811082316,-92.64930267577938,2025-01-31 16:41:52
Trailer_1,30.97382851832097,-116.37021716556038,2025-01-30 16:41:52
Trailer_2,42.48211286668037,-92.17851558391187,2025-01-31 16:41:52
Trailer_4,36.821245407775166,-80.83582726353777,2025-02-01 16:41:52
Trailer_3,41.13368419833078,-104.37272860730214,2025-01-28 16:41:52
Trailer_3,36.338447124939364,-83.70918260487787,2025-02-02 16:41:52
Trailer_3,44.27232784079953,-101.54935483531112,2025-02-02 16:41:52
Trailer_1,33.499387712063594,-90.74697949778887,2025-02-03 16:41:52
Trailer_3,35.13791542398267,-100.89765681756012,2025-01-27 16:41:52
Trailer_3,47.09981751332253,-119.87194488177047,2025-02-01 16:41:52
Trailer_3,31.859957182623504,-80.57336627687945,2025-01-31 16:41:52
Trailer_1,44.46725562746054,-112.2375346503884,2025-01-30 16:41:52
Trailer_2,44.26948504678752,-107.82051276023174,2025-02-03 16:41:52
Trailer_5,33.04455847749885,-90.82921326024767,2025-01-28 16:41:52
Trailer_5,38.62592834277084,-101.89578798027922,2025-02-02 16:41:52
Trailer_5,39.69467566356104,-116.28366104613383,2025-01-29 16:41:52
Trailer_5,34.22340264329186,-109.27095119424835,2025-01-30 16:41:52
Trailer_5,40.36625895606063,-83.93355194964866,2025-01-29 16:41:52
Trailer_1,32.72221133484901,-96.32364313226286,2025-01-29 16:41:52
Trailer_5,46.24314777513399,-89.3698591902728,2025-02-03 16:41:52
Trailer_4,40.74361155728896,-84.51883333242515,2025-01-30 16:41:52
Trailer_3,48.605214152840404,-99.563417066514,2025-02-01 16:41:52
Trailer_3,34.304872383720266,-105.93573378825475,2025-02-02 16:41:52
Trailer_2,42.82525964797588,-118.61252523792379,2025-02-01 16:41:52
Trailer_5,31.428481122117763,-97.75861648444078,2025-01-29 16:41:52
Trailer_4,40.02301797053527,-107.14961044196183,2025-01-27 16:41:52
Trailer_2,49.02819402416876,-98.57886728252618,2025-01-30 16:41:52
Trailer_4,38.981890930939514,-81.77257577836772,2025-01-31 16:41:52
Trailer_1,48.56385790901594,-116.36894814793443,2025-02-01 16:41:52
Trailer_4,31.96149889779992,-91.64039121459875,2025-02-01 16:41:52
Trailer_2,40.98974873975427,-116.87840893106606,2025-02-03 16:41:52
Trailer_4,46.39936145667714,-100.855841586771,2025-01-27 16:41:52
Trailer_1,48.689283555691475,-116.7105877089867,2025-02-01 16:41:52
Trailer_5,47.64998331925931,-96.9138054233342,2025-01-31 16:41:52
Trailer_4,44.68341779878264,-82.48208623447456,2025-01-27 16:41:52
Trailer_3,39.168358579454555,-90.34365403352925,2025-01-28 16:41:52
Trailer_5,40.23059088475129,-99.0422582825309,2025-02-01 16:41:52
Trailer_5,39.321209197854145,-81.33479585194156,2025-01-30 16:41:52
Trailer_3,30.397454295282905,-107.1525013565215,2025-01-31 16:41:52
Trailer_3,45.594892943270466,-101.84871679941205,2025-01-30 16:41:52
Trailer_5,40.75173436151097,-111.4314422856838,2025-01-27 16:41:52
